{"cameraMode":{"drawMode":0,"name":"Shaded","section":"Shading Mode"},"sceneLighting":false,"audioPlay":false,"sceneViewState":{"m_AlwaysRefresh":false,"showFog":true,"showSkybox":false,"showFlares":true,"showImageEffects":true,"showParticleSystems":true,"showVisualEffectGraphs":true,"m_FxEnabled":false},"in2DMode":false,"pivot":{"x":15.131624221801758,"y":-30.039836883544923,"z":59.73786163330078},"rotation":{"x":-0.23796136677265168,"y":-0.018358604982495309,"z":0.0044987802393734459,"w":-0.9710919260978699},"size":37.59656524658203,"orthographic":false}